{
  "median_terminal_wealth_full": 1365721.1369776253,
  "median_terminal_wealth_var": 1149276.8157109327,
  "sharpe_full": 0.7827336492335624,
  "sharpe_var": 0.7637133494252625,
  "p50_drawdown_full": 0.4897280830421554,
  "p50_drawdown_var": 0.161358977288456
}