{
  "intermediates": {
    "mean_excess_0": {
      "value": -0.00010892980653630453
    },
    "mean_excess_1": {
      "value": 0.000675852284633363
    },
    "mean_excess_2": {
      "value": 0.0009789168974744173
    },
    "cov_00": {
      "value": 0.00010066371634972423
    },
    "cov_01": {
      "value": 2.43435382395457e-05
    },
    "cov_12": {
      "value": 0.00025589078610554464
    },
    "kelly_fraction_0": {
      "value": -1.6611126628699944
    },
    "kelly_fraction_1": {
      "value": 2.424584554004376
    },
    "kelly_fraction_2": {
      "value": 0.2473363821447142
    },
    "total_kelly_leverage": {
      "value": 4.3330335990190845
    },
    "portfolio_var_full": {
      "value": 0.10563073100104815
    },
    "var_scale_factor": {
      "value": 0.2840082589194835
    },
    "theoretical_growth_full": {
      "value": 0.0010308637274768528
    },
    "theoretical_growth_var": {
      "value": 0.0005023974441241544
    },
    "theoretical_growth_half": {
      "value": 0.0007731477956076395
    },
    "theoretical_growth_equal": {
      "value": 0.00038451262340659744
    },
    "mean_terminal_wealth_full": {
      "value": 1758470.848194105
    }
  }
}